locus,GM_G09_allele1,GM_G09_allele2,F_H09_allele1,F_H09_allele2,M_A10_allele1,M_A10_allele2,C_B10_allele1,C_B10_allele2
D6S477,16,16,15,17,13,16,15,16
D18S535,12,14,14,14,9,12,12,14
D19S253,10,12,12,12,12,14,12,14
D15S659,12,17,13,16,12,16,12,13
D11S2368,21,22,22,22,21,22,22,22
D20S470,12,16,10,17,15,16,10,16
D1S1656,13,19.3,11,15,13,19.3,11,19.3
D22-GATA198B05,17,21,16,21,17,19,17,21
D2S441,10,12,10,12,10,11,10,12
D7S3048,18,20,22,24,20,24,22,24
D8S1132,21,22,17,22,19,21,21,22
D4S2366,10,11,9,12,11,11,11,12
D21S1270,12.3,14,13,15,13.3,14,13,13.3
D13S325,19,20,21,22,20,26,20,21
D9S925,17,17,16,16,16,17,16,17
D3S3045,9,9,9,15,9,12,9,15
D14S608,9,11,11,11,9,13,9,11
D10S1435,8,14,12,13,10,14,12,14
D12S391,17,19,17,24,17,20,17,24
D2S1338,19,20,20,24,19,19,19,24
D17S1290,15,17,15,17,16,17,15,16
D5S2500,15,15,13,14,11,15,11,14