locus,C,M,F,GM,2800M,9948
D2S441,"10,12","10,11","10,12","10,12","10,14","11,12"
TPOX,"12,12","11,12","8,12","11,11","11,11","8,9"
CSF1PO,"10,13","9,13","10,12","9,10","12,12","10,11"
D5S818,"10,12","12,13","9,10","11,13","12,12","11,13"
D1S1656,"11,19.3","13,19.3","11,15","13,19.3","12,13","14,17"
PentaD,"11,12","8,11","11,12","8,13","12,13","8,12"
D6S1043,"18,18","12,18","18,19","12,14","12,20","12,12"
D19S433,"13.2,14","14,16","13,13.2","13,16","13,14","13,14"
D8S1179,"11,13","11,12","11,13","11,15","14,15","12,13"
D18S51,"14,14","14,15","14,16","14,15","16,18","15,18"
vWA,"14,14","14,18","14,17","14,17","16,19","17,17"
D3S1358,"15,15","15,16","15,17","15,16","17,18","15,17"
D12S391,"17,24","17,20","17,24","17,19","18,23","18,24"
FGA,"23,24","23,25","22,24","23,24","20,23","24,26"
D2S1338,"19,24","19,19","20,24","19,20","22,25","23,23"
D21S11,"29,32.2","29,31","32.2,32.2","28,29","29,31.2","29,30"
TH01,"6,8","6,9","8,9","6,7","6,9.3","6,9.3"
PentaE,"5,14","5,20","14,14","18,20","7,14","11,11"
D7S820,"11,11","8,11","11,13","8,12","8,11","11, 11"
D13S317,"11,11","8,11","8,11","8,9","9,11","11,11"
D16S539,"11,12","10,12","11,13","10,12","9,13","11,11"
D10S1435,"12,14","10,14","12,13","8,14",,
D11S2368,"22,22","21,22","22,22","21,22",,
D13S325,"20,21","20,26","21,22","19,20",,
D14S608,"9,11","9,13","11,11","9,11",,
D15S659,"12,13","12,16","13,16","12,17",,
D17S1290,"15,16","16,17","15,17","15,17",,
D18S535,"12,14","9,12","14,14","12,14",,
D19S253,"12,14","12,14","12,12","10,12",,
D20S470,"10,16","15,16","10,17","12,16",,
D21S1270,"13,13.3","13.3,14","13,15","12.3,14",,
D22-GATA198B05,"17,21","17,19","16,21","17,21",,
D3S3045,"9,15","9,12","9,15","9,9",,
D4S2366,"11,12","11,11","9,12","10,11",,
D5S2500,"11,14","11,15","13,14","15,15",,
D6S477,"15,16","13,16","15,17","16,16",,
D7S3048,"22,24","20,24","22,24","18,20",,
D8S1132,"21,22","19,21","17,22","21,22",,
D9S925,"16,17","16,17","16,16","17,17",,