locus,C_G04_allele1,C_G04_allele2,M_F04_allele1,M_F04_allele2,F_E04_allele1,F_E04_allele2,GM_D04_allele1,GM_D04_allele2
D3S1358,15,15,15,16,15,17,15,16
D1S1656,11,19.3,13,19.3,11,15,13,19.3
D6S1043,18,18,12,18,18,19,12,14
D13S317,11,11,8,11,8,11,8,9
PentaE,5,14,5,20,14,14,18,20
D16S539,11,12,10,12,11,13,10,12
D18S51,14,14,14,15,14,16,14,15
D2S1338,19,24,19,19,20,24,19,20
CSF1PO,10,13,9,13,10,12,9,10
PentaD,11,12,8,11,11,12,8,13
TH01,6,8,6,9,8,9,6,7
vWA,14,14,14,18,14,17,14,17
D21S11,29,32.2,29,31,32.2,32.2,28,29
D7S820,11,11,8,11,11,13,8,12
D5S818,10,12,12,13,9,10,11,13
TPOX,12,12,11,12,8,12,11,11
D8S1179,11,13,11,12,11,13,11,15
D12S391,17,24,17,20,17,24,17,19
D19S433,13.2,14,14,16,13,13.2,13,16
FGA,23,24,23,25,22,24,23,24